timestamp,myecg,context_myecg,date (Asia/Dhaka)
1.67059E+12,617,{},2022-12-09 18:37:16.221000+06:00
1.67059E+12,602,{},2022-12-09 18:37:15.306000+06:00
1.67059E+12,746,{},2022-12-09 18:37:14.452000+06:00
1.67059E+12,528,{},2022-12-09 18:37:13.534000+06:00
1.67059E+12,521,{},2022-12-09 18:37:12.378000+06:00
1.67059E+12,553,{},2022-12-09 18:37:11.366000+06:00
1.67059E+12,629,{},2022-12-09 18:37:10.359000+06:00
1.67059E+12,523,{},2022-12-09 18:37:09.277000+06:00
1.67059E+12,502,{},2022-12-09 18:37:08.384000+06:00
1.67059E+12,490,{},2022-12-09 18:37:07.344000+06:00
1.67059E+12,536,{},2022-12-09 18:37:06.234000+06:00
1.67059E+12,476,{},2022-12-09 18:37:05.186000+06:00
1.67059E+12,521,{},2022-12-09 18:37:04.022000+06:00
1.67059E+12,528,{},2022-12-09 18:37:03.415000+06:00
1.67059E+12,510,{},2022-12-09 18:37:02.497000+06:00
1.67059E+12,550,{},2022-12-09 18:37:01.634000+06:00
1.67059E+12,513,{},2022-12-09 18:37:00.644000+06:00
1.67059E+12,553,{},2022-12-09 18:36:59.422000+06:00
1.67059E+12,512,{},2022-12-09 18:36:58.509000+06:00
1.67059E+12,572,{},2022-12-09 18:36:57.496000+06:00
1.67059E+12,533,{},2022-12-09 18:36:56.609000+06:00
1.67059E+12,496,{},2022-12-09 18:36:55.518000+06:00
1.67059E+12,556,{},2022-12-09 18:36:54.501000+06:00
1.67059E+12,547,{},2022-12-09 18:36:53.185000+06:00
1.67059E+12,553,{},2022-12-09 18:36:52.097000+06:00
1.67059E+12,442,{},2022-12-09 18:36:51.101000+06:00
1.67059E+12,517,{},2022-12-09 18:36:50.204000+06:00
1.67059E+12,522,{},2022-12-09 18:36:49.077000+06:00
1.67059E+12,470,{},2022-12-09 18:36:48.243000+06:00
1.67059E+12,546,{},2022-12-09 18:36:47.325000+06:00
1.67059E+12,525,{},2022-12-09 18:36:46.003000+06:00
1.67059E+12,523,{},2022-12-09 18:36:45.027000+06:00
1.67059E+12,532,{},2022-12-09 18:36:44.002000+06:00
1.67059E+12,526,{},2022-12-09 18:36:43.744000+06:00
1.67059E+12,484,{},2022-12-09 18:36:42.030000+06:00
1.67059E+12,526,{},2022-12-09 18:36:41.779000+06:00
1.67059E+12,582,{},2022-12-09 18:36:40.823000+06:00
1.67059E+12,531,{},2022-12-09 18:36:39.953000+06:00
1.67059E+12,495,{},2022-12-09 18:36:38.002000+06:00
1.67059E+12,524,{},2022-12-09 18:36:37.784000+06:00
1.67059E+12,568,{},2022-12-09 18:36:36.877000+06:00
1.67059E+12,517,{},2022-12-09 18:36:35.932000+06:00
1.67059E+12,567,{},2022-12-09 18:36:34.016000+06:00
1.67059E+12,478,{},2022-12-09 18:36:32.995000+06:00
1.67059E+12,564,{},2022-12-09 18:36:31.018000+06:00
1.67059E+12,485,{},2022-12-09 18:36:30.139000+06:00
1.67059E+12,490,{},2022-12-09 18:36:29.259000+06:00
1.67059E+12,621,{},2022-12-09 18:36:28.325000+06:00
1.67059E+12,598,{},2022-12-09 18:36:27.474000+06:00
1.67059E+12,484,{},2022-12-09 18:36:26.359000+06:00
1.67059E+12,533,{},2022-12-09 18:36:25.401000+06:00
1.67059E+12,486,{},2022-12-09 18:35:52.394000+06:00
1.67059E+12,513,{},2022-12-09 18:35:51.473000+06:00
1.67059E+12,530,{},2022-12-09 18:35:50.527000+06:00
1.67059E+12,543,{},2022-12-09 18:35:49.664000+06:00
1.67059E+12,536,{},2022-12-09 18:35:48.764000+06:00
1.67059E+12,542,{},2022-12-09 18:35:47.088000+06:00
1.67059E+12,480,{},2022-12-09 18:35:46.173000+06:00
1.67059E+12,573,{},2022-12-09 18:35:45.170000+06:00
1.67059E+12,536,{},2022-12-09 18:35:44.275000+06:00
1.67059E+12,536,{},2022-12-09 18:35:43.386000+06:00
1.67059E+12,561,{},2022-12-09 18:35:42.512000+06:00
1.67059E+12,486,{},2022-12-09 18:35:41.601000+06:00
1.67059E+12,519,{},2022-12-09 18:35:40.686000+06:00
1.67059E+12,523,{},2022-12-09 18:35:39.455000+06:00
1.67059E+12,526,{},2022-12-09 18:35:38.288000+06:00
1.67059E+12,522,{},2022-12-09 18:35:37.389000+06:00
1.67059E+12,440,{},2022-12-09 18:35:36.497000+06:00
1.67059E+12,397,{},2022-12-09 18:35:35.503000+06:00
1.67059E+12,470,{},2022-12-09 18:35:34.528000+06:00
1.67059E+12,861,{},2022-12-09 18:35:33.672000+06:00
1.67059E+12,386,{},2022-12-09 18:35:32.816000+06:00
1.67059E+12,542,{},2022-12-09 18:35:31.700000+06:00
1.67059E+12,873,{},2022-12-09 18:35:30.301000+06:00
1.67059E+12,448,{},2022-12-09 18:35:27.247000+06:00
1.67059E+12,487,{},2022-12-09 18:35:26.104000+06:00
1.67059E+12,652,{},2022-12-09 18:35:25.002000+06:00
1.67059E+12,577,{},2022-12-09 18:35:24.025000+06:00
1.67059E+12,461,{},2022-12-09 18:35:23.051000+06:00
1.67059E+12,450,{},2022-12-09 18:35:22.188000+06:00
1.67059E+12,619,{},2022-12-09 18:35:21.296000+06:00
1.67059E+12,415,{},2022-12-09 18:35:20.398000+06:00
1.67059E+12,991,{},2022-12-09 18:35:19.547000+06:00
1.67059E+12,423,{},2022-12-09 18:35:18.579000+06:00
1.67059E+12,521,{},2022-12-09 18:35:17.645000+06:00
1.67059E+12,561,{},2022-12-09 18:35:16.662000+06:00
1.67059E+12,582,{},2022-12-09 18:35:15.587000+06:00
1.67059E+12,424,{},2022-12-09 18:35:14.750000+06:00
1.67059E+12,382,{},2022-12-09 18:35:13.880000+06:00
1.67059E+12,517,{},2022-12-09 18:35:12.123000+06:00
1.67059E+12,499,{},2022-12-09 18:35:11.047000+06:00
1.67059E+12,1024,{},2022-12-09 18:35:10.093000+06:00
1.67059E+12,512,{},2022-12-09 18:35:09.094000+06:00
1.67059E+12,532,{},2022-12-09 18:35:08.008000+06:00
1.67059E+12,500,{},2022-12-09 18:35:07.900000+06:00
1.67059E+12,509,{},2022-12-09 18:35:06.421000+06:00
1.67059E+12,483,{},2022-12-09 18:35:05.100000+06:00
1.67059E+12,602,{},2022-12-09 18:35:04.009000+06:00
1.67059E+12,518,{},2022-12-09 18:35:03.615000+06:00
1.67059E+12,504,{},2022-12-09 18:35:02.640000+06:00
1.67059E+12,464,{},2022-12-09 18:35:01.413000+06:00
1.67059E+12,526,{},2022-12-09 18:35:00.175000+06:00
1.67059E+12,566,{},2022-12-09 18:34:59.044000+06:00
1.67059E+12,538,{},2022-12-09 18:34:58.007000+06:00
1.67059E+12,564,{},2022-12-09 18:34:57.003000+06:00
1.67059E+12,642,{},2022-12-09 18:34:56.030000+06:00
1.67059E+12,378,{},2022-12-09 18:34:55.002000+06:00
1.67059E+12,721,{},2022-12-09 18:34:54.411000+06:00
1.67059E+12,450,{},2022-12-09 18:34:53.004000+06:00
1.67059E+12,508,{},2022-12-09 18:34:52.002000+06:00
1.67059E+12,553,{},2022-12-09 18:34:51.004000+06:00
1.67059E+12,486,{},2022-12-09 18:34:50.003000+06:00
1.67059E+12,560,{},2022-12-09 18:34:49.003000+06:00
1.67059E+12,624,{},2022-12-09 18:34:48.725000+06:00
1.67059E+12,526,{},2022-12-09 18:34:47.618000+06:00
1.67059E+12,523,{},2022-12-09 18:34:46.744000+06:00
1.67059E+12,489,{},2022-12-09 18:34:45.730000+06:00
1.67059E+12,504,{},2022-12-09 18:34:44.804000+06:00
1.67059E+12,468,{},2022-12-09 18:34:43.805000+06:00
1.67059E+12,555,{},2022-12-09 18:34:42.077000+06:00
1.67059E+12,744,{},2022-12-09 18:34:41.205000+06:00
1.67059E+12,808,{},2022-12-09 18:34:40.352000+06:00
1.67059E+12,532,{},2022-12-09 18:34:39.491000+06:00
1.67059E+12,511,{},2022-12-09 18:34:38.517000+06:00
1.67059E+12,487,{},2022-12-09 18:34:37.585000+06:00
1.67059E+12,468,{},2022-12-09 18:34:36.393000+06:00
1.67059E+12,460,{},2022-12-09 18:34:35.425000+06:00
1.67059E+12,668,{},2022-12-09 18:34:34.598000+06:00
1.67059E+12,807,{},2022-12-09 18:34:33.748000+06:00
1.67059E+12,507,{},2022-12-09 18:34:32.302000+06:00
1.67059E+12,474,{},2022-12-09 18:34:31.210000+06:00
1.67059E+12,533,{},2022-12-09 18:34:29.964000+06:00
1.67059E+12,525,{},2022-12-09 18:34:28.007000+06:00
1.67059E+12,581,{},2022-12-09 18:34:27.011000+06:00
1.67059E+12,534,{},2022-12-09 18:34:26.122000+06:00
1.67059E+12,836,{},2022-12-09 18:34:25.292000+06:00
1.67059E+12,454,{},2022-12-09 18:34:24.003000+06:00
1.67059E+12,375,{},2022-12-09 18:34:23.186000+06:00
1.67059E+12,490,{},2022-12-09 18:34:22.005000+06:00
1.67059E+12,761,{},2022-12-09 18:34:21.003000+06:00
1.67059E+12,517,{},2022-12-09 18:34:20.005000+06:00
1.67059E+12,512,{},2022-12-09 18:34:19.011000+06:00
1.67059E+12,535,{},2022-12-09 18:34:18.002000+06:00
1.67059E+12,501,{},2022-12-09 18:34:17.014000+06:00
1.67059E+12,560,{},2022-12-09 18:34:16.001000+06:00
1.67059E+12,514,{},2022-12-09 18:34:15.028000+06:00
1.67059E+12,589,{},2022-12-09 18:34:14.014000+06:00
1.67059E+12,562,{},2022-12-09 18:34:13.506000+06:00
1.67059E+12,549,{},2022-12-09 18:34:12.625000+06:00
1.67059E+12,544,{},2022-12-09 18:34:11.681000+06:00
1.67059E+12,495,{},2022-12-09 18:34:10.810000+06:00
1.67059E+12,516,{},2022-12-09 18:34:08.305000+06:00
1.67059E+12,530,{},2022-12-09 18:34:07.317000+06:00
1.67059E+12,493,{},2022-12-09 18:34:06.495000+06:00
1.67059E+12,542,{},2022-12-09 18:34:05.421000+06:00
1.67059E+12,492,{},2022-12-09 18:34:04.209000+06:00
1.67059E+12,510,{},2022-12-09 18:34:03.232000+06:00
1.67059E+12,507,{},2022-12-09 18:34:02.353000+06:00
1.67059E+12,481,{},2022-12-09 18:34:01.318000+06:00
1.67059E+12,476,{},2022-12-09 18:34:00.005000+06:00
1.67059E+12,506,{},2022-12-09 18:33:59.008000+06:00
1.67059E+12,490,{},2022-12-09 18:33:58.024000+06:00
1.67059E+12,521,{},2022-12-09 18:33:57.231000+06:00
1.67059E+12,500,{},2022-12-09 18:33:56.226000+06:00
1.67059E+12,538,{},2022-12-09 18:33:55.008000+06:00
1.67059E+12,688,{},2022-12-09 18:33:54.158000+06:00
1.67059E+12,482,{},2022-12-09 18:33:53.272000+06:00
1.67059E+12,506,{},2022-12-09 18:33:52.380000+06:00
1.67059E+12,462,{},2022-12-09 18:33:51.032000+06:00
1.67059E+12,559,{},2022-12-09 18:33:50.004000+06:00
1.67059E+12,608,{},2022-12-09 18:33:49.001000+06:00
1.67059E+12,526,{},2022-12-09 18:33:48.347000+06:00
1.67059E+12,536,{},2022-12-09 18:33:47.320000+06:00
1.67059E+12,519,{},2022-12-09 18:33:46.219000+06:00
1.67059E+12,393,{},2022-12-09 18:33:45.095000+06:00
1.67059E+12,604,{},2022-12-09 18:33:44.106000+06:00
1.67059E+12,538,{},2022-12-09 18:33:43.009000+06:00
1.67059E+12,501,{},2022-12-09 18:33:42.018000+06:00
1.67059E+12,518,{},2022-12-09 18:33:41.781000+06:00
1.67059E+12,451,{},2022-12-09 18:33:40.820000+06:00
1.67059E+12,586,{},2022-12-09 18:33:39.522000+06:00
1.67059E+12,512,{},2022-12-09 18:33:38.617000+06:00
1.67059E+12,570,{},2022-12-09 18:33:37.388000+06:00
1.67059E+12,487,{},2022-12-09 18:33:36.531000+06:00
1.67059E+12,504,{},2022-12-09 18:33:35.469000+06:00
1.67059E+12,278,{},2022-12-09 18:33:34.584000+06:00
1.67059E+12,843,{},2022-12-09 18:33:33.660000+06:00
1.67059E+12,475,{},2022-12-09 18:33:32.800000+06:00
1.67059E+12,406,{},2022-12-09 18:33:31.781000+06:00
1.67059E+12,522,{},2022-12-09 18:33:30.852000+06:00
1.67059E+12,470,{},2022-12-09 18:33:29.010000+06:00
1.67059E+12,580,{},2022-12-09 18:33:28.041000+06:00
1.67059E+12,519,{},2022-12-09 18:33:27.170000+06:00
1.67059E+12,951,{},2022-12-09 18:33:26.099000+06:00
1.67059E+12,553,{},2022-12-09 18:33:25.202000+06:00
1.67059E+12,516,{},2022-12-09 18:33:24.294000+06:00
1.67059E+12,502,{},2022-12-09 18:33:23.277000+06:00
1.67059E+12,505,{},2022-12-09 18:33:22.423000+06:00
1.67059E+12,481,{},2022-12-09 18:33:21.518000+06:00
1.67059E+12,542,{},2022-12-09 18:33:20.597000+06:00
1.67059E+12,552,{},2022-12-09 18:33:19.701000+06:00
1.67059E+12,756,{},2022-12-09 18:33:18.776000+06:00
1.67059E+12,499,{},2022-12-09 18:33:17.812000+06:00
1.67059E+12,416,{},2022-12-09 18:33:16.035000+06:00
1.67059E+12,476,{},2022-12-09 18:33:15.813000+06:00
1.67059E+12,505,{},2022-12-09 18:33:12.832000+06:00
1.67059E+12,544,{},2022-12-09 18:33:09.071000+06:00
1.67059E+12,496,{},2022-12-09 18:33:08.222000+06:00
1.67059E+12,517,{},2022-12-09 18:33:07.195000+06:00
1.67059E+12,577,{},2022-12-09 18:33:06.086000+06:00
1.67059E+12,516,{},2022-12-09 18:33:05.189000+06:00
1.67059E+12,548,{},2022-12-09 18:33:04.027000+06:00
1.67059E+12,526,{},2022-12-09 18:33:03.908000+06:00
1.67059E+12,544,{},2022-12-09 18:33:02.909000+06:00
1.67059E+12,517,{},2022-12-09 18:33:01.862000+06:00
1.67059E+12,543,{},2022-12-09 18:33:00.092000+06:00
1.67059E+12,525,{},2022-12-09 18:32:59.114000+06:00
1.67059E+12,533,{},2022-12-09 18:32:58.092000+06:00
1.67059E+12,556,{},2022-12-09 18:32:57.198000+06:00
1.67059E+12,597,{},2022-12-09 18:32:56.158000+06:00
1.67059E+12,535,{},2022-12-09 18:32:55.279000+06:00
1.67059E+12,544,{},2022-12-09 18:32:54.309000+06:00
1.67059E+12,512,{},2022-12-09 18:32:53.432000+06:00
1.67059E+12,517,{},2022-12-09 18:32:52.308000+06:00
1.67059E+12,513,{},2022-12-09 18:32:51.389000+06:00
1.67059E+12,533,{},2022-12-09 18:32:50.292000+06:00
1.67059E+12,593,{},2022-12-09 18:32:49.416000+06:00
1.67059E+12,607,{},2022-12-09 18:32:48.487000+06:00
1.67059E+12,799,{},2022-12-09 18:32:47.589000+06:00
1.67059E+12,533,{},2022-12-09 18:32:46.571000+06:00
1.67059E+12,535,{},2022-12-09 18:32:45.711000+06:00
1.67059E+12,481,{},2022-12-09 18:32:44.721000+06:00
1.67059E+12,521,{},2022-12-09 18:32:43.580000+06:00
1.67059E+12,540,{},2022-12-09 18:32:42.704000+06:00
1.67059E+12,469,{},2022-12-09 18:32:41.300000+06:00
1.67059E+12,350,{},2022-12-09 18:32:36.001000+06:00
1.67059E+12,506,{},2022-12-09 18:32:35.114000+06:00
1.67059E+12,528,{},2022-12-09 18:32:34.112000+06:00
1.67059E+12,528,{},2022-12-09 18:32:32.878000+06:00
1.67059E+12,569,{},2022-12-09 18:32:31.718000+06:00
1.67059E+12,924,{},2022-12-09 18:32:30.878000+06:00
1.67059E+12,528,{},2022-12-09 18:32:29.835000+06:00
1.67059E+12,517,{},2022-12-09 18:32:28.004000+06:00
1.67059E+12,554,{},2022-12-09 18:32:27.837000+06:00
1.67059E+12,531,{},2022-12-09 18:32:26.920000+06:00
1.67059E+12,471,{},2022-12-09 18:32:25.924000+06:00
1.67059E+12,569,{},2022-12-09 18:32:24.778000+06:00
1.67059E+12,528,{},2022-12-09 18:32:23.940000+06:00
1.67059E+12,502,{},2022-12-09 18:32:22.977000+06:00
1.67059E+12,592,{},2022-12-09 18:32:21.573000+06:00
1.67059E+12,525,{},2022-12-09 18:32:20.002000+06:00
1.67059E+12,523,{},2022-12-09 18:32:19.638000+06:00
1.67059E+12,559,{},2022-12-09 18:32:18.676000+06:00
1.67059E+12,504,{},2022-12-09 18:32:17.480000+06:00
1.67059E+12,533,{},2022-12-09 18:32:16.397000+06:00
1.67059E+12,521,{},2022-12-09 18:32:15.003000+06:00
1.67059E+12,568,{},2022-12-09 18:32:14.037000+06:00
1.67059E+12,513,{},2022-12-09 18:32:13.014000+06:00
1.67059E+12,533,{},2022-12-09 18:32:12.593000+06:00
1.67059E+12,509,{},2022-12-09 18:32:11.719000+06:00
1.67059E+12,521,{},2022-12-09 18:32:10.698000+06:00
1.67059E+12,619,{},2022-12-09 18:32:09.699000+06:00
1.67059E+12,518,{},2022-12-09 18:32:08.004000+06:00
1.67059E+12,470,{},2022-12-09 18:32:07.003000+06:00
1.67059E+12,576,{},2022-12-09 18:32:06.682000+06:00
1.67059E+12,521,{},2022-12-09 18:32:05.808000+06:00
1.67059E+12,529,{},2022-12-09 18:32:04.830000+06:00
1.67059E+12,502,{},2022-12-09 18:32:03.847000+06:00
1.67059E+12,525,{},2022-12-09 18:32:02.062000+06:00
1.67059E+12,502,{},2022-12-09 18:32:01.194000+06:00
1.67059E+12,502,{},2022-12-09 18:31:59.779000+06:00
1.67059E+12,487,{},2022-12-09 18:31:58.778000+06:00
1.67059E+12,550,{},2022-12-09 18:31:57.816000+06:00
1.67059E+12,470,{},2022-12-09 18:31:56.055000+06:00
1.67059E+12,528,{},2022-12-09 18:31:55.002000+06:00
1.67059E+12,553,{},2022-12-09 18:31:54.001000+06:00
1.67059E+12,554,{},2022-12-09 18:31:53.655000+06:00
1.67059E+12,578,{},2022-12-09 18:31:52.006000+06:00
1.67059E+12,531,{},2022-12-09 18:31:51.005000+06:00
1.67059E+12,554,{},2022-12-09 18:31:50.003000+06:00
1.67059E+12,552,{},2022-12-09 18:31:49.582000+06:00
1.67059E+12,517,{},2022-12-09 18:31:48.690000+06:00
1.67059E+12,934,{},2022-12-09 18:31:47.794000+06:00
1.67059E+12,572,{},2022-12-09 18:31:46.475000+06:00
1.67059E+12,504,{},2022-12-09 18:31:45.615000+06:00
1.67059E+12,523,{},2022-12-09 18:31:44.722000+06:00
1.67059E+12,504,{},2022-12-09 18:31:43.743000+06:00
1.67059E+12,521,{},2022-12-09 18:31:42.573000+06:00
1.67059E+12,519,{},2022-12-09 18:31:41.723000+06:00
1.67059E+12,553,{},2022-12-09 18:31:40.758000+06:00
1.67059E+12,505,{},2022-12-09 18:31:39.770000+06:00
1.67059E+12,536,{},2022-12-09 18:31:38.715000+06:00
1.67059E+12,472,{},2022-12-09 18:31:37.801000+06:00
1.67059E+12,487,{},2022-12-09 18:31:36.845000+06:00
1.67059E+12,488,{},2022-12-09 18:31:35.051000+06:00
1.67059E+12,514,{},2022-12-09 18:31:34.140000+06:00
1.67059E+12,594,{},2022-12-09 18:31:33.022000+06:00
1.67059E+12,536,{},2022-12-09 18:31:32.914000+06:00
1.67059E+12,556,{},2022-12-09 18:31:31.008000+06:00
1.67059E+12,637,{},2022-12-09 18:31:30.406000+06:00
1.67059E+12,534,{},2022-12-09 18:31:29.003000+06:00
1.67059E+12,506,{},2022-12-09 18:31:28.004000+06:00
1.67059E+12,519,{},2022-12-09 18:31:27.745000+06:00
1.67059E+12,580,{},2022-12-09 18:31:26.783000+06:00
1.67059E+12,486,{},2022-12-09 18:31:25.599000+06:00
1.67059E+12,543,{},2022-12-09 18:31:24.688000+06:00
1.67059E+12,907,{},2022-12-09 18:31:23.826000+06:00
1.67059E+12,555,{},2022-12-09 18:31:22.654000+06:00
1.67059E+12,490,{},2022-12-09 18:31:21.652000+06:00
1.67059E+12,488,{},2022-12-09 18:31:20.566000+06:00
1.67059E+12,568,{},2022-12-09 18:31:19.580000+06:00
1.67059E+12,429,{},2022-12-09 18:31:18.433000+06:00
1.67059E+12,301,{},2022-12-09 18:31:17.428000+06:00
1.67059E+12,759,{},2022-12-09 18:31:16.487000+06:00
1.67059E+12,512,{},2022-12-09 18:31:15.221000+06:00
1.67059E+12,525,{},2022-12-09 18:31:14.204000+06:00
1.67059E+12,516,{},2022-12-09 18:31:13.275000+06:00
1.67059E+12,580,{},2022-12-09 18:31:12.130000+06:00
1.67059E+12,496,{},2022-12-09 18:31:11.101000+06:00
1.67059E+12,545,{},2022-12-09 18:31:10.150000+06:00
1.67059E+12,804,{},2022-12-09 18:31:09.005000+06:00
1.67059E+12,542,{},2022-12-09 18:31:08.058000+06:00
1.67059E+12,607,{},2022-12-09 18:31:07.031000+06:00
1.67059E+12,509,{},2022-12-09 18:31:06.121000+06:00
1.67059E+12,560,{},2022-12-09 18:31:05.239000+06:00
1.67059E+12,512,{},2022-12-09 18:31:04.335000+06:00
1.67059E+12,554,{},2022-12-09 18:31:03.458000+06:00
1.67059E+12,513,{},2022-12-09 18:31:02.118000+06:00
1.67059E+12,502,{},2022-12-09 18:31:01.072000+06:00
1.67059E+12,579,{},2022-12-09 18:31:00.220000+06:00
1.67059E+12,572,{},2022-12-09 18:30:59.389000+06:00
1.67059E+12,554,{},2022-12-09 18:30:58.370000+06:00
1.67059E+12,528,{},2022-12-09 18:30:57.212000+06:00
1.67059E+12,525,{},2022-12-09 18:30:56.285000+06:00
1.67059E+12,510,{},2022-12-09 18:30:55.002000+06:00
1.67059E+12,535,{},2022-12-09 18:30:54.011000+06:00
1.67059E+12,616,{},2022-12-09 18:30:53.125000+06:00
1.67059E+12,534,{},2022-12-09 18:30:52.002000+06:00
1.67059E+12,538,{},2022-12-09 18:30:51.505000+06:00
1.67059E+12,497,{},2022-12-09 18:30:50.635000+06:00
1.67059E+12,552,{},2022-12-09 18:30:49.694000+06:00
1.67059E+12,544,{},2022-12-09 18:30:48.224000+06:00
1.67059E+12,522,{},2022-12-09 18:30:47.357000+06:00
1.67059E+12,478,{},2022-12-09 18:30:46.516000+06:00
1.67059E+12,532,{},2022-12-09 18:30:45.613000+06:00
1.67059E+12,514,{},2022-12-09 18:30:44.446000+06:00
1.67059E+12,516,{},2022-12-09 18:30:43.479000+06:00
1.67059E+12,523,{},2022-12-09 18:30:42.574000+06:00
1.67059E+12,531,{},2022-12-09 18:30:41.719000+06:00
1.67059E+12,427,{},2022-12-09 18:30:40.624000+06:00
1.67059E+12,537,{},2022-12-09 18:30:39.578000+06:00
1.67059E+12,514,{},2022-12-09 18:30:38.307000+06:00
1.67059E+12,585,{},2022-12-09 18:30:37.227000+06:00
1.67059E+12,552,{},2022-12-09 18:30:36.393000+06:00
1.67059E+12,535,{},2022-12-09 18:30:35.334000+06:00
1.67059E+12,521,{},2022-12-09 18:30:34.244000+06:00
1.67059E+12,502,{},2022-12-09 18:30:33.406000+06:00
1.67059E+12,560,{},2022-12-09 18:30:32.192000+06:00
1.67059E+12,504,{},2022-12-09 18:30:31.077000+06:00
1.67059E+12,462,{},2022-12-09 18:30:30.240000+06:00
1.67059E+12,614,{},2022-12-09 18:30:29.388000+06:00
1.67059E+12,509,{},2022-12-09 18:30:28.485000+06:00
1.67059E+12,531,{},2022-12-09 18:30:27.561000+06:00
1.67059E+12,546,{},2022-12-09 18:30:26.670000+06:00
1.67059E+12,511,{},2022-12-09 18:30:25.781000+06:00
1.67059E+12,547,{},2022-12-09 18:30:24.075000+06:00
1.67059E+12,529,{},2022-12-09 18:30:23.058000+06:00
1.67059E+12,544,{},2022-12-09 18:30:22.004000+06:00
1.67059E+12,394,{},2022-12-09 18:30:21.002000+06:00
1.67059E+12,619,{},2022-12-09 18:30:20.007000+06:00
1.67059E+12,560,{},2022-12-09 18:30:19.009000+06:00
1.67059E+12,499,{},2022-12-09 18:30:18.029000+06:00
1.67059E+12,416,{},2022-12-09 18:30:16.908000+06:00
1.67059E+12,490,{},2022-12-09 18:30:15.120000+06:00
1.67059E+12,595,{},2022-12-09 18:30:14+06:00
1.67059E+12,528,{},2022-12-09 18:30:13.781000+06:00
1.67059E+12,481,{},2022-12-09 18:30:12.737000+06:00
1.67059E+12,580,{},2022-12-09 18:30:11.024000+06:00
1.67059E+12,516,{},2022-12-09 18:30:10.106000+06:00
1.67059E+12,508,{},2022-12-09 18:30:09.005000+06:00
1.67059E+12,535,{},2022-12-09 18:30:08.210000+06:00
1.67059E+12,523,{},2022-12-09 18:30:07.207000+06:00
1.67059E+12,546,{},2022-12-09 18:30:06.039000+06:00
1.67059E+12,578,{},2022-12-09 18:30:05.006000+06:00
1.67059E+12,502,{},2022-12-09 18:30:04.338000+06:00
1.67059E+12,547,{},2022-12-09 18:30:03.479000+06:00
1.67059E+12,481,{},2022-12-09 18:30:02.539000+06:00
1.67059E+12,504,{},2022-12-09 18:30:01.525000+06:00
1.67059E+12,540,{},2022-12-09 18:30:00.681000+06:00
1.67059E+12,495,{},2022-12-09 18:29:59.801000+06:00
1.67059E+12,438,{},2022-12-09 18:29:58.137000+06:00
1.67059E+12,605,{},2022-12-09 18:29:57.003000+06:00
1.67059E+12,567,{},2022-12-09 18:29:56.302000+06:00
1.67059E+12,542,{},2022-12-09 18:29:55+06:00
1.67059E+12,494,{},2022-12-09 18:29:54.607000+06:00
1.67059E+12,540,{},2022-12-09 18:29:53.061000+06:00
1.67059E+12,546,{},2022-12-09 18:29:52.835000+06:00
1.67059E+12,545,{},2022-12-09 18:29:51.003000+06:00
1.67059E+12,542,{},2022-12-09 18:29:50.001000+06:00
1.67059E+12,512,{},2022-12-09 18:29:49.002000+06:00
1.67059E+12,562,{},2022-12-09 18:29:48.004000+06:00
1.67059E+12,519,{},2022-12-09 18:29:47.752000+06:00
1.67059E+12,470,{},2022-12-09 18:29:46.750000+06:00
1.67059E+12,521,{},2022-12-09 18:29:45.169000+06:00
1.67059E+12,528,{},2022-12-09 18:29:44.027000+06:00
1.67059E+12,480,{},2022-12-09 18:29:43.008000+06:00
1.67059E+12,415,{},2022-12-09 18:29:42.743000+06:00
1.67059E+12,499,{},2022-12-09 18:29:38.866000+06:00
1.67059E+12,495,{},2022-12-09 18:29:37.004000+06:00
1.67059E+12,559,{},2022-12-09 18:29:36.044000+06:00
1.67059E+12,561,{},2022-12-09 18:29:35.077000+06:00
1.67059E+12,546,{},2022-12-09 18:29:34.215000+06:00
1.67059E+12,504,{},2022-12-09 18:29:33.155000+06:00
1.67059E+12,490,{},2022-12-09 18:29:32.279000+06:00
1.67059E+12,486,{},2022-12-09 18:29:31.437000+06:00
1.67059E+12,514,{},2022-12-09 18:29:30.325000+06:00
1.67059E+12,561,{},2022-12-09 18:29:29.436000+06:00
1.67059E+12,555,{},2022-12-09 18:29:28.571000+06:00
1.67059E+12,547,{},2022-12-09 18:29:27.697000+06:00
1.67059E+12,528,{},2022-12-09 18:29:26.799000+06:00
1.67059E+12,320,{},2022-12-09 18:29:25.802000+06:00
1.67059E+12,386,{},2022-12-09 18:29:24.806000+06:00
1.67059E+12,742,{},2022-12-09 18:29:23.884000+06:00
1.67059E+12,487,{},2022-12-09 18:29:22.107000+06:00
1.67059E+12,546,{},2022-12-09 18:29:21.080000+06:00
1.67059E+12,476,{},2022-12-09 18:29:20.161000+06:00
1.67059E+12,553,{},2022-12-09 18:29:19.109000+06:00
1.67059E+12,550,{},2022-12-09 18:29:18.082000+06:00
1.67059E+12,504,{},2022-12-09 18:29:17.142000+06:00
1.67059E+12,520,{},2022-12-09 18:29:16.047000+06:00
1.67059E+12,508,{},2022-12-09 18:29:15.024000+06:00
1.67059E+12,518,{},2022-12-09 18:29:14.007000+06:00
1.67059E+12,508,{},2022-12-09 18:29:13.042000+06:00
1.67059E+12,501,{},2022-12-09 18:29:12.009000+06:00
1.67059E+12,523,{},2022-12-09 18:29:11.003000+06:00
1.67059E+12,466,{},2022-12-09 18:29:10.169000+06:00
1.67059E+12,541,{},2022-12-09 18:29:09.104000+06:00
1.67059E+12,512,{},2022-12-09 18:29:08.069000+06:00
1.67059E+12,402,{},2022-12-09 18:29:07.069000+06:00
1.67059E+12,428,{},2022-12-09 18:29:06.210000+06:00
1.67059E+12,549,{},2022-12-09 18:29:05.056000+06:00
1.67059E+12,590,{},2022-12-09 18:29:04.461000+06:00
1.67059E+12,525,{},2022-12-09 18:29:03.018000+06:00
1.67059E+12,521,{},2022-12-09 18:29:02.005000+06:00
1.67059E+12,535,{},2022-12-09 18:29:01.416000+06:00
1.67059E+12,521,{},2022-12-09 18:29:00.251000+06:00
1.67059E+12,528,{},2022-12-09 18:28:59.153000+06:00
1.67059E+12,505,{},2022-12-09 18:28:58.146000+06:00
1.67059E+12,505,{},2022-12-09 18:28:57.282000+06:00
1.67059E+12,568,{},2022-12-09 18:28:56.293000+06:00
1.67059E+12,509,{},2022-12-09 18:28:55.409000+06:00
1.67059E+12,498,{},2022-12-09 18:28:54.476000+06:00
1.67059E+12,529,{},2022-12-09 18:28:53.434000+06:00
1.67059E+12,474,{},2022-12-09 18:28:52.183000+06:00
1.67059E+12,519,{},2022-12-09 18:28:51.288000+06:00
1.67059E+12,532,{},2022-12-09 18:28:50.316000+06:00
1.67059E+12,496,{},2022-12-09 18:28:49.177000+06:00
1.67059E+12,730,{},2022-12-09 18:28:48.164000+06:00
1.67059E+12,482,{},2022-12-09 18:28:47.322000+06:00
1.67059E+12,498,{},2022-12-09 18:28:46.425000+06:00
1.67059E+12,562,{},2022-12-09 18:28:45.505000+06:00
1.67059E+12,946,{},2022-12-09 18:28:44.536000+06:00
1.67059E+12,576,{},2022-12-09 18:28:43.653000+06:00
1.67059E+12,536,{},2022-12-09 18:28:42.511000+06:00
1.67059E+12,504,{},2022-12-09 18:28:41.551000+06:00
1.67059E+12,546,{},2022-12-09 18:28:40.662000+06:00
1.67059E+12,487,{},2022-12-09 18:28:39.841000+06:00
1.67059E+12,521,{},2022-12-09 18:28:38.803000+06:00
1.67059E+12,588,{},2022-12-09 18:28:37.881000+06:00
1.67059E+12,574,{},2022-12-09 18:28:36.863000+06:00
1.67059E+12,509,{},2022-12-09 18:28:35.847000+06:00
1.67059E+12,484,{},2022-12-09 18:28:34.835000+06:00
1.67059E+12,488,{},2022-12-09 18:28:33.770000+06:00
1.67059E+12,499,{},2022-12-09 18:28:32.881000+06:00
1.67059E+12,507,{},2022-12-09 18:28:31.048000+06:00
1.67059E+12,533,{},2022-12-09 18:28:29.027000+06:00
1.67059E+12,544,{},2022-12-09 18:28:27.066000+06:00
1.67059E+12,521,{},2022-12-09 18:28:26.238000+06:00
1.67059E+12,569,{},2022-12-09 18:28:25.302000+06:00
1.67059E+12,528,{},2022-12-09 18:28:24.081000+06:00
1.67059E+12,541,{},2022-12-09 18:28:23.232000+06:00
1.67059E+12,521,{},2022-12-09 18:28:22.213000+06:00
1.67059E+12,522,{},2022-12-09 18:28:21.336000+06:00
1.67059E+12,585,{},2022-12-09 18:28:20.255000+06:00
1.67059E+12,541,{},2022-12-09 18:28:19.424000+06:00
1.67059E+12,547,{},2022-12-09 18:28:18.395000+06:00
1.67059E+12,556,{},2022-12-09 18:28:17.293000+06:00
1.67059E+12,522,{},2022-12-09 18:28:16.428000+06:00
1.67059E+12,485,{},2022-12-09 18:28:15.004000+06:00
1.67059E+12,520,{},2022-12-09 18:28:14.002000+06:00
1.67059E+12,516,{},2022-12-09 18:28:13.599000+06:00
1.67059E+12,528,{},2022-12-09 18:28:12.681000+06:00
1.67059E+12,562,{},2022-12-09 18:28:11.622000+06:00
1.67059E+12,520,{},2022-12-09 18:28:10.471000+06:00
1.67059E+12,412,{},2022-12-09 18:28:09.609000+06:00
1.67059E+12,667,{},2022-12-09 18:28:08.451000+06:00
1.67059E+12,475,{},2022-12-09 18:28:07.469000+06:00
1.67059E+12,567,{},2022-12-09 18:28:06.494000+06:00
1.67059E+12,489,{},2022-12-09 18:28:05.568000+06:00
1.67059E+12,555,{},2022-12-09 18:28:04.703000+06:00
1.67059E+12,522,{},2022-12-09 18:28:03.605000+06:00
1.67059E+12,578,{},2022-12-09 18:28:02.578000+06:00
1.67059E+12,489,{},2022-12-09 18:28:01.744000+06:00
1.67059E+12,532,{},2022-12-09 18:28:00.013000+06:00
1.67059E+12,610,{},2022-12-09 18:27:59.009000+06:00
1.67059E+12,504,{},2022-12-09 18:27:58.025000+06:00
1.67059E+12,505,{},2022-12-09 18:27:57.133000+06:00
1.67059E+12,608,{},2022-12-09 18:27:56.276000+06:00
1.67059E+12,487,{},2022-12-09 18:27:55.378000+06:00
1.67059E+12,523,{},2022-12-09 18:27:54.468000+06:00
1.67059E+12,578,{},2022-12-09 18:27:53.553000+06:00
1.67059E+12,509,{},2022-12-09 18:27:52.706000+06:00
1.67059E+12,509,{},2022-12-09 18:27:51.578000+06:00
1.67059E+12,408,{},2022-12-09 18:27:50.737000+06:00
1.67059E+12,470,{},2022-12-09 18:27:49.862000+06:00
1.67059E+12,1024,{},2022-12-09 18:27:48.103000+06:00
1.67059E+12,448,{},2022-12-09 18:27:47.204000+06:00
1.67059E+12,586,{},2022-12-09 18:27:46.231000+06:00
1.67059E+12,519,{},2022-12-09 18:27:45.375000+06:00
1.67059E+12,476,{},2022-12-09 18:27:44.542000+06:00
1.67059E+12,519,{},2022-12-09 18:27:43.691000+06:00
1.67059E+12,549,{},2022-12-09 18:27:42.728000+06:00
1.67059E+12,476,{},2022-12-09 18:27:41.008000+06:00
1.67059E+12,624,{},2022-12-09 18:27:40.002000+06:00
1.67059E+12,566,{},2022-12-09 18:27:39.829000+06:00
1.67059E+12,511,{},2022-12-09 18:27:38.079000+06:00
1.67059E+12,329,{},2022-12-09 18:27:37.120000+06:00
1.67059E+12,339,{},2022-12-09 18:27:36.213000+06:00
1.67059E+12,360,{},2022-12-09 18:27:35.397000+06:00
1.67059E+12,871,{},2022-12-09 18:27:34.319000+06:00
1.67059E+12,439,{},2022-12-09 18:27:33.485000+06:00
1.67059E+12,549,{},2022-12-09 18:27:32.494000+06:00
1.67059E+12,495,{},2022-12-09 18:27:31.599000+06:00
1.67059E+12,524,{},2022-12-09 18:27:30.476000+06:00
1.67059E+12,561,{},2022-12-09 18:27:29.607000+06:00
1.67059E+12,519,{},2022-12-09 18:27:28.700000+06:00
1.67059E+12,556,{},2022-12-09 18:27:27.007000+06:00
1.67059E+12,514,{},2022-12-09 18:27:26.095000+06:00
1.67059E+12,533,{},2022-12-09 18:27:25.197000+06:00
1.67059E+12,505,{},2022-12-09 18:27:24.349000+06:00
1.67059E+12,522,{},2022-12-09 18:27:23.391000+06:00
1.67059E+12,526,{},2022-12-09 18:27:22.445000+06:00
1.67059E+12,522,{},2022-12-09 18:27:21.585000+06:00
1.67059E+12,571,{},2022-12-09 18:27:20.624000+06:00
1.67059E+12,510,{},2022-12-09 18:27:19.694000+06:00
1.67059E+12,496,{},2022-12-09 18:27:18.847000+06:00
1.67059E+12,507,{},2022-12-09 18:27:17.057000+06:00
1.67059E+12,528,{},2022-12-09 18:27:16.015000+06:00
1.67059E+12,511,{},2022-12-09 18:27:15.002000+06:00
1.67059E+12,576,{},2022-12-09 18:27:14.004000+06:00
1.67059E+12,508,{},2022-12-09 18:27:13.018000+06:00
1.67059E+12,670,{},2022-12-09 18:27:12.001000+06:00
1.67059E+12,525,{},2022-12-09 18:27:11.005000+06:00
1.67059E+12,586,{},2022-12-09 18:27:10.003000+06:00
1.67059E+12,541,{},2022-12-09 18:27:09.513000+06:00
1.67059E+12,507,{},2022-12-09 18:27:08.004000+06:00
1.67059E+12,486,{},2022-12-09 18:27:07.032000+06:00
1.67059E+12,495,{},2022-12-09 18:27:06.175000+06:00
1.67059E+12,531,{},2022-12-09 18:27:04.001000+06:00
1.67059E+12,544,{},2022-12-09 18:27:03.101000+06:00
1.67059E+12,505,{},2022-12-09 18:27:02.102000+06:00
1.67059E+12,595,{},2022-12-09 18:27:01.217000+06:00
1.67059E+12,794,{},2022-12-09 18:26:59.525000+06:00
1.67059E+12,486,{},2022-12-09 18:26:58.536000+06:00
1.67059E+12,549,{},2022-12-09 18:26:57.380000+06:00
1.67059E+12,569,{},2022-12-09 18:26:56.512000+06:00
1.67059E+12,931,{},2022-12-09 18:26:55.305000+06:00
1.67059E+12,518,{},2022-12-09 18:26:54.296000+06:00
1.67059E+12,589,{},2022-12-09 18:26:53.003000+06:00
1.67059E+12,468,{},2022-12-09 18:26:52.003000+06:00
1.67059E+12,542,{},2022-12-09 18:26:51.002000+06:00
1.67059E+12,544,{},2022-12-09 18:26:50.001000+06:00
1.67059E+12,501,{},2022-12-09 18:26:49.009000+06:00
1.67059E+12,513,{},2022-12-09 18:26:48.202000+06:00
1.67059E+12,549,{},2022-12-09 18:26:47.007000+06:00
1.67059E+12,500,{},2022-12-09 18:26:46.649000+06:00
1.67059E+12,940,{},2022-12-09 18:26:45.003000+06:00
1.67059E+12,553,{},2022-12-09 18:26:44.234000+06:00
1.67059E+12,451,{},2022-12-09 18:26:43.006000+06:00
1.67059E+12,505,{},2022-12-09 18:26:42.062000+06:00
1.67059E+12,553,{},2022-12-09 18:26:41.195000+06:00
1.67059E+12,523,{},2022-12-09 18:26:40.102000+06:00
1.67059E+12,506,{},2022-12-09 18:26:39.004000+06:00
1.67059E+12,537,{},2022-12-09 18:26:38.859000+06:00
1.67059E+12,569,{},2022-12-09 18:26:37.357000+06:00
1.67059E+12,532,{},2022-12-09 18:26:36.006000+06:00
1.67059E+12,498,{},2022-12-09 18:26:35.001000+06:00
1.67059E+12,535,{},2022-12-09 18:26:34.058000+06:00
1.67059E+12,512,{},2022-12-09 18:26:33.007000+06:00
1.67059E+12,540,{},2022-12-09 18:26:32.002000+06:00
1.67059E+12,488,{},2022-12-09 18:26:31.004000+06:00
1.67059E+12,512,{},2022-12-09 18:26:30.141000+06:00
1.67059E+12,521,{},2022-12-09 18:26:29.008000+06:00
1.67059E+12,512,{},2022-12-09 18:26:28.703000+06:00
1.67059E+12,514,{},2022-12-09 18:26:27.519000+06:00
1.67059E+12,520,{},2022-12-09 18:26:26.271000+06:00
1.67059E+12,560,{},2022-12-09 18:26:25.210000+06:00
1.67059E+12,540,{},2022-12-09 18:26:24.022000+06:00
1.67059E+12,450,{},2022-12-09 18:26:23.669000+06:00
1.67059E+12,524,{},2022-12-09 18:26:22.695000+06:00
1.67059E+12,529,{},2022-12-09 18:26:21.711000+06:00
1.67059E+12,475,{},2022-12-09 18:26:20.684000+06:00
1.67059E+12,488,{},2022-12-09 18:26:19.585000+06:00
1.67059E+12,547,{},2022-12-09 18:26:18.393000+06:00
1.67059E+12,592,{},2022-12-09 18:26:16.418000+06:00
1.67059E+12,521,{},2022-12-09 18:26:15.467000+06:00
1.67059E+12,580,{},2022-12-09 18:26:14.305000+06:00
1.67059E+12,524,{},2022-12-09 18:26:13.421000+06:00
1.67059E+12,504,{},2022-12-09 18:26:12.403000+06:00
1.67059E+12,514,{},2022-12-09 18:26:11.328000+06:00
1.67059E+12,754,{},2022-12-09 18:26:10.479000+06:00
1.67059E+12,507,{},2022-12-09 18:26:09.492000+06:00
1.67059E+12,509,{},2022-12-09 18:26:08.397000+06:00
1.67059E+12,558,{},2022-12-09 18:26:07.391000+06:00
1.67059E+12,560,{},2022-12-09 18:26:06.018000+06:00
1.67059E+12,529,{},2022-12-09 18:26:05.801000+06:00
1.67059E+12,591,{},2022-12-09 18:26:04.820000+06:00
1.67059E+12,540,{},2022-12-09 18:26:03.043000+06:00
1.67059E+12,507,{},2022-12-09 18:26:02.041000+06:00
1.67059E+12,427,{},2022-12-09 18:26:01.001000+06:00
1.67059E+12,490,{},2022-12-09 18:26:00.037000+06:00
1.67059E+12,557,{},2022-12-09 18:25:59.090000+06:00
1.67059E+12,569,{},2022-12-09 18:25:58.993000+06:00
1.67059E+12,543,{},2022-12-09 18:25:57.024000+06:00
1.67059E+12,504,{},2022-12-09 18:25:56.014000+06:00
1.67059E+12,507,{},2022-12-09 18:25:55.005000+06:00
1.67059E+12,549,{},2022-12-09 18:25:54.855000+06:00
1.67059E+12,521,{},2022-12-09 18:25:53.008000+06:00
1.67059E+12,569,{},2022-12-09 18:25:52.820000+06:00
1.67059E+12,499,{},2022-12-09 18:25:51.688000+06:00
1.67059E+12,580,{},2022-12-09 18:25:50.598000+06:00
1.67059E+12,580,{},2022-12-09 18:25:49.352000+06:00
1.67059E+12,537,{},2022-12-09 18:25:48.440000+06:00
1.67059E+12,525,{},2022-12-09 18:25:47.523000+06:00
1.67059E+12,483,{},2022-12-09 18:25:46.616000+06:00
1.67059E+12,534,{},2022-12-09 18:25:45.510000+06:00
1.67059E+12,570,{},2022-12-09 18:25:44.611000+06:00
1.67059E+12,557,{},2022-12-09 18:25:43.508000+06:00
1.67059E+12,483,{},2022-12-09 18:25:42.008000+06:00
1.67059E+12,495,{},2022-12-09 18:25:41.746000+06:00
1.67059E+12,442,{},2022-12-09 18:25:40.469000+06:00
1.67059E+12,480,{},2022-12-09 18:25:39.472000+06:00
1.67059E+12,605,{},2022-12-09 18:25:38.479000+06:00
1.67059E+12,478,{},2022-12-09 18:25:37.478000+06:00
1.67059E+12,553,{},2022-12-09 18:25:36.517000+06:00
1.67059E+12,465,{},2022-12-09 18:25:35.498000+06:00
1.67059E+12,494,{},2022-12-09 18:25:34.579000+06:00
1.67059E+12,568,{},2022-12-09 18:25:33.676000+06:00
1.67059E+12,493,{},2022-12-09 18:25:32.572000+06:00
1.67059E+12,601,{},2022-12-09 18:25:31.651000+06:00
1.67059E+12,588,{},2022-12-09 18:25:29.771000+06:00
1.67059E+12,496,{},2022-12-09 18:25:28.815000+06:00
1.67059E+12,888,{},2022-12-09 18:25:27.817000+06:00
1.67059E+12,508,{},2022-12-09 18:25:26.718000+06:00
1.67059E+12,430,{},2022-12-09 18:25:25.801000+06:00
1.67059E+12,474,{},2022-12-09 18:25:24.695000+06:00
1.67059E+12,280,{},2022-12-09 18:25:23.592000+06:00
1.67059E+12,1024,{},2022-12-09 18:25:22.717000+06:00
1.67059E+12,522,{},2022-12-09 18:25:21.004000+06:00
1.67059E+12,508,{},2022-12-09 18:25:19.143000+06:00
1.67059E+12,466,{},2022-12-09 18:25:18.174000+06:00
1.67059E+12,541,{},2022-12-09 18:25:17.285000+06:00
1.67059E+12,494,{},2022-12-09 18:25:16.422000+06:00
1.67059E+12,506,{},2022-12-09 18:25:15.578000+06:00
1.67059E+12,543,{},2022-12-09 18:25:14.660000+06:00
1.67059E+12,569,{},2022-12-09 18:25:13.678000+06:00
1.67059E+12,547,{},2022-12-09 18:25:12.837000+06:00
1.67059E+12,554,{},2022-12-09 18:25:11.006000+06:00
1.67059E+12,508,{},2022-12-09 18:25:10.125000+06:00
1.67059E+12,495,{},2022-12-09 18:25:09.137000+06:00
1.67059E+12,569,{},2022-12-09 18:25:08.131000+06:00
1.67059E+12,569,{},2022-12-09 18:25:06.890000+06:00
1.67059E+12,506,{},2022-12-09 18:25:05.913000+06:00
1.67059E+12,584,{},2022-12-09 18:25:04.016000+06:00
1.67059E+12,488,{},2022-12-09 18:25:03.797000+06:00
1.67059E+12,541,{},2022-12-09 18:25:02.422000+06:00
1.67059E+12,522,{},2022-12-09 18:25:01.510000+06:00
1.67059E+12,586,{},2022-12-09 18:25:00.569000+06:00
1.67059E+12,525,{},2022-12-09 18:24:59.439000+06:00
1.67059E+12,588,{},2022-12-09 18:24:58.416000+06:00
1.67059E+12,904,{},2022-12-09 18:24:57.480000+06:00
1.67059E+12,505,{},2022-12-09 18:24:56.621000+06:00
1.67059E+12,541,{},2022-12-09 18:24:55.725000+06:00
1.67059E+12,526,{},2022-12-09 18:24:54.863000+06:00
1.67059E+12,521,{},2022-12-09 18:24:53.108000+06:00
1.67059E+12,523,{},2022-12-09 18:24:52.224000+06:00
1.67059E+12,487,{},2022-12-09 18:24:51.139000+06:00
1.67059E+12,507,{},2022-12-09 18:24:50.217000+06:00
1.67059E+12,485,{},2022-12-09 18:24:49.085000+06:00
1.67059E+12,553,{},2022-12-09 18:24:48.092000+06:00
1.67059E+12,529,{},2022-12-09 18:24:47.133000+06:00
1.67059E+12,513,{},2022-12-09 18:24:46.084000+06:00
1.67059E+12,519,{},2022-12-09 18:24:45.220000+06:00
1.67059E+12,524,{},2022-12-09 18:24:44.012000+06:00
1.67059E+12,760,{},2022-12-09 18:24:43.460000+06:00
1.67059E+12,490,{},2022-12-09 18:24:42.664000+06:00
1.67059E+12,549,{},2022-12-09 18:24:41.531000+06:00
1.67059E+12,504,{},2022-12-09 18:24:40.616000+06:00
1.67059E+12,522,{},2022-12-09 18:24:39.736000+06:00
1.67059E+12,538,{},2022-12-09 18:24:38.817000+06:00
1.67059E+12,475,{},2022-12-09 18:24:37.041000+06:00
1.67059E+12,519,{},2022-12-09 18:24:36.093000+06:00
1.67059E+12,508,{},2022-12-09 18:24:34.005000+06:00
1.67059E+12,572,{},2022-12-09 18:24:33.097000+06:00
1.67059E+12,748,{},2022-12-09 18:24:31.805000+06:00
1.67059E+12,533,{},2022-12-09 18:24:30.868000+06:00
1.67059E+12,639,{},2022-12-09 18:24:29.810000+06:00
1.67059E+12,542,{},2022-12-09 18:24:28.030000+06:00
1.67059E+12,545,{},2022-12-09 18:24:27.100000+06:00
1.67059E+12,777,{},2022-12-09 18:24:25.879000+06:00
1.67059E+12,561,{},2022-12-09 18:24:24.012000+06:00
1.67059E+12,519,{},2022-12-09 18:24:23.073000+06:00
1.67059E+12,498,{},2022-12-09 18:24:22.183000+06:00
1.67059E+12,562,{},2022-12-09 18:24:21.192000+06:00
1.67059E+12,598,{},2022-12-09 18:24:20.036000+06:00
1.67059E+12,524,{},2022-12-09 18:24:19.010000+06:00
1.67059E+12,586,{},2022-12-09 18:24:18.059000+06:00
1.67059E+12,496,{},2022-12-09 18:24:17.083000+06:00
1.67059E+12,528,{},2022-12-09 18:24:16.203000+06:00
1.67059E+12,520,{},2022-12-09 18:24:15.002000+06:00
1.67059E+12,532,{},2022-12-09 18:24:14.008000+06:00
1.67059E+12,566,{},2022-12-09 18:24:13.146000+06:00
1.67059E+12,505,{},2022-12-09 18:24:12.280000+06:00
1.67059E+12,502,{},2022-12-09 18:24:11.308000+06:00
1.67059E+12,550,{},2022-12-09 18:24:10.411000+06:00
1.67059E+12,480,{},2022-12-09 18:24:09.115000+06:00
1.67059E+12,544,{},2022-12-09 18:24:08.202000+06:00
1.67059E+12,523,{},2022-12-09 18:24:07.193000+06:00
1.67059E+12,518,{},2022-12-09 18:24:06.301000+06:00
1.67059E+12,522,{},2022-12-09 18:24:05.349000+06:00
1.67059E+12,525,{},2022-12-09 18:24:04.260000+06:00
1.67059E+12,603,{},2022-12-09 18:24:03.224000+06:00
1.67059E+12,506,{},2022-12-09 18:24:02.179000+06:00
1.67059E+12,449,{},2022-12-09 18:24:01.087000+06:00
1.67059E+12,542,{},2022-12-09 18:24:00.047000+06:00
1.67059E+12,495,{},2022-12-09 18:23:59.005000+06:00
1.67059E+12,450,{},2022-12-09 18:23:58.109000+06:00
1.67059E+12,516,{},2022-12-09 18:23:57.193000+06:00
1.67059E+12,502,{},2022-12-09 18:23:56.333000+06:00
1.67059E+12,555,{},2022-12-09 18:23:55.222000+06:00
1.67059E+12,501,{},2022-12-09 18:23:54.381000+06:00
1.67059E+12,568,{},2022-12-09 18:23:53.483000+06:00
1.67059E+12,516,{},2022-12-09 18:23:52.610000+06:00
1.67059E+12,547,{},2022-12-09 18:23:51.628000+06:00
1.67059E+12,553,{},2022-12-09 18:23:50.562000+06:00
1.67059E+12,534,{},2022-12-09 18:23:49.504000+06:00
1.67059E+12,590,{},2022-12-09 18:23:48.629000+06:00
1.67059E+12,490,{},2022-12-09 18:23:47.610000+06:00
1.67059E+12,500,{},2022-12-09 18:23:46.697000+06:00
1.67059E+12,534,{},2022-12-09 18:23:45.762000+06:00
1.67059E+12,544,{},2022-12-09 18:23:44.757000+06:00
1.67059E+12,586,{},2022-12-09 18:23:43.878000+06:00
1.67059E+12,531,{},2022-12-09 18:23:42.023000+06:00
1.67059E+12,509,{},2022-12-09 18:23:40.111000+06:00
1.67059E+12,507,{},2022-12-09 18:23:39.017000+06:00
1.67059E+12,497,{},2022-12-09 18:23:38.085000+06:00
1.67059E+12,553,{},2022-12-09 18:23:37.173000+06:00
1.67059E+12,508,{},2022-12-09 18:23:36.012000+06:00
1.67059E+12,497,{},2022-12-09 18:23:35.007000+06:00
1.67059E+12,494,{},2022-12-09 18:23:34.009000+06:00
1.67059E+12,533,{},2022-12-09 18:23:33.219000+06:00
1.67059E+12,524,{},2022-12-09 18:23:32.245000+06:00
1.67059E+12,606,{},2022-12-09 18:23:31.421000+06:00
1.67059E+12,558,{},2022-12-09 18:23:30.501000+06:00
1.67059E+12,535,{},2022-12-09 18:23:29.634000+06:00
1.67059E+12,547,{},2022-12-09 18:23:28.467000+06:00
1.67059E+12,543,{},2022-12-09 18:23:27.445000+06:00
1.67059E+12,533,{},2022-12-09 18:23:26.577000+06:00
1.67059E+12,525,{},2022-12-09 18:23:25.604000+06:00
1.67059E+12,480,{},2022-12-09 18:23:24.521000+06:00
1.67059E+12,507,{},2022-12-09 18:23:23.635000+06:00
1.67059E+12,535,{},2022-12-09 18:23:22.702000+06:00
1.67059E+12,519,{},2022-12-09 18:23:21.311000+06:00
1.67059E+12,519,{},2022-12-09 18:23:20.459000+06:00
1.67059E+12,546,{},2022-12-09 18:23:18.653000+06:00
1.67059E+12,521,{},2022-12-09 18:23:17.818000+06:00
1.67059E+12,604,{},2022-12-09 18:23:16.863000+06:00
1.67059E+12,507,{},2022-12-09 18:23:15.886000+06:00
1.67059E+12,749,{},2022-12-09 18:23:14.007000+06:00
1.67059E+12,428,{},2022-12-09 18:23:13.020000+06:00
1.67059E+12,379,{},2022-12-09 18:23:12.015000+06:00
1.67059E+12,513,{},2022-12-09 18:23:11.024000+06:00
1.67059E+12,535,{},2022-12-09 18:23:10.005000+06:00
1.67059E+12,590,{},2022-12-09 18:23:09.001000+06:00
1.67059E+12,584,{},2022-12-09 18:23:08.006000+06:00
1.67059E+12,537,{},2022-12-09 18:23:07.020000+06:00
1.67059E+12,533,{},2022-12-09 18:23:06.324000+06:00
1.67059E+12,597,{},2022-12-09 18:23:05.209000+06:00
1.67059E+12,535,{},2022-12-09 18:23:04.116000+06:00
1.67059E+12,471,{},2022-12-09 18:23:03.008000+06:00
1.67059E+12,500,{},2022-12-09 18:23:02.132000+06:00
1.67059E+12,565,{},2022-12-09 18:23:01.025000+06:00
1.67059E+12,497,{},2022-12-09 18:23:00.469000+06:00
1.67059E+12,514,{},2022-12-09 18:22:58.330000+06:00
1.67059E+12,591,{},2022-12-09 18:22:57.270000+06:00
1.67059E+12,497,{},2022-12-09 18:22:56.355000+06:00
1.67059E+12,532,{},2022-12-09 18:22:55.016000+06:00
1.67059E+12,609,{},2022-12-09 18:22:54.005000+06:00
1.67059E+12,536,{},2022-12-09 18:22:53.845000+06:00
1.67059E+12,478,{},2022-12-09 18:22:52.059000+06:00
1.67059E+12,534,{},2022-12-09 18:22:51.001000+06:00
1.67059E+12,590,{},2022-12-09 18:22:50.475000+06:00
1.67059E+12,507,{},2022-12-09 18:22:49.584000+06:00
1.67059E+12,682,{},2022-12-09 18:22:48.006000+06:00
1.67059E+12,485,{},2022-12-09 18:22:47.004000+06:00
1.67059E+12,516,{},2022-12-09 18:22:46.057000+06:00
1.67059E+12,566,{},2022-12-09 18:22:45.711000+06:00
1.67059E+12,493,{},2022-12-09 18:22:44.464000+06:00
1.67059E+12,522,{},2022-12-09 18:22:43.002000+06:00
1.67059E+12,556,{},2022-12-09 18:22:42.556000+06:00
